{"w/o Dominant Label": {"loss": 1.040266132987706, "auc": 0.9091689586639404, "accuracy": 0.45486724376678467, "binary_accuracy": 0.9097345471382141, "exact_accuracy": 0.7467830777168274}, "w/o PH Group 0": {"loss": 1.3643865024342257, "auc": 0.8380226492881775, "accuracy": 0.21617646515369415, "binary_accuracy": 0.845588207244873, "exact_accuracy": 0.5625}, "w/o PH Group 1": {"loss": 2.5252929294810578, "auc": 0.699913501739502, "accuracy": 0.05882352963089943, "binary_accuracy": 0.7470588088035583, "exact_accuracy": 0.3187499940395355}}