{"w/o Dominant Label": {"loss": 0.5338040213709626, "auc": 0.7229076027870178, "accuracy": 0.0, "binary_accuracy": 0.7509053945541382, "exact_accuracy": 0.35041359066963196}, "w/o PH Group 0": {"loss": 0.5561923618772541, "auc": 0.6969078183174133, "accuracy": 0.0, "binary_accuracy": 0.7201550602912903, "exact_accuracy": 0.11749999970197678}, "w/o PH Group 1": {"loss": 0.573505418707234, "auc": 0.6681599020957947, "accuracy": 0.0, "binary_accuracy": 0.7178295254707336, "exact_accuracy": 0.03375000134110451}}