{"w/o Dominant Label": {"loss": 1.1350506173239814, "auc": 0.8873774409294128, "accuracy": 0.4770370423793793, "binary_accuracy": 0.8844444751739502, "exact_accuracy": 0.6894841194152832}, "w/o PH Group 0": {"loss": 1.467084580201369, "auc": 0.7729244828224182, "accuracy": 0.11576922982931137, "binary_accuracy": 0.7738460898399353, "exact_accuracy": 0.45036765933036804}, "w/o PH Group 1": {"loss": 0.628092106947532, "auc": 0.6946687698364258, "accuracy": 0.0042307693511247635, "binary_accuracy": 0.7207692861557007, "exact_accuracy": 0.24816176295280457}}